{
    "time": {
        "materialization_all_versions": {
            "w_out_cache_w_out_index": {
                "min": 0.23888035900017712,
                "median": 0.5695900994996919,
                "mean": 0.691359092560142,
                "stdev": 0.34031023602239213,
                "max": 1.6434988670007442
            },
            "w_out_cache_w_index": {
                "min": 0.0,
                "median": 0.0,
                "mean": 0.0,
                "stdev": 0.0,
                "max": 0.0
            },
            "w_cache_w_out_index": {
                "min": 0.0,
                "median": 0.0,
                "mean": 0.0,
                "stdev": 0.0,
                "max": 0.0
            },
            "w_cache_w_index": {
                "min": 0.0,
                "median": 0.0,
                "mean": 0.0,
                "stdev": 0.0,
                "max": 0.0
            }
        },
        "materialization_single_version": {
            "w_out_cache_w_out_index": {
                "min": 0.2273759540003084,
                "median": 0.43939427149962285,
                "mean": 0.4601690468801462,
                "stdev": 0.11492598290765478,
                "max": 0.8549312900031509
            },
            "w_out_cache_w_index": {
                "min": 0.0,
                "median": 0.0,
                "mean": 0.0,
                "stdev": 0.0,
                "max": 0.0
            },
            "w_cache_w_out_index": {
                "min": 0.0,
                "median": 0.0,
                "mean": 0.0,
                "stdev": 0.0,
                "max": 0.0
            },
            "w_cache_w_index": {
                "min": 0.0,
                "median": 0.0,
                "mean": 0.0,
                "stdev": 0.0,
                "max": 0.0
            }
        },
        "cross_version_structured_query": {
            "w_out_cache_w_out_index": {
                "min": 0.6231403950005188,
                "median": 21.257170415501605,
                "mean": 21.47663884105508,
                "stdev": 11.163250149604638,
                "max": 45.091814495994186
            },
            "w_out_cache_w_index": {
                "min": 0.0,
                "median": 0.0,
                "mean": 0.0,
                "stdev": 0.0,
                "max": 0.0
            },
            "w_cache_w_out_index": {
                "min": 0.479490864001491,
                "median": 40.07004476649945,
                "mean": 50.48442109639497,
                "stdev": 39.256405568933666,
                "max": 135.79418202800116
            },
            "w_cache_w_index": {
                "min": 0.0,
                "median": 0.0,
                "mean": 0.0,
                "stdev": 0.0,
                "max": 0.0
            }
        },
        "single_version_structured_query": {
            "w_out_cache_w_out_index": {
                "min": 0.664475407997088,
                "median": 14.949179947998346,
                "mean": 15.393428394949987,
                "stdev": 7.962865561536653,
                "max": 35.549046198000724
            },
            "w_out_cache_w_index": {
                "min": 0.0,
                "median": 0.0,
                "mean": 0.0,
                "stdev": 0.0,
                "max": 0.0
            },
            "w_cache_w_out_index": {
                "min": 0.3635102829975949,
                "median": 16.63810508700044,
                "mean": 18.415768430589814,
                "stdev": 12.298190846622397,
                "max": 61.893978930998856
            },
            "w_cache_w_index": {
                "min": 0.0,
                "median": 0.0,
                "mean": 0.0,
                "stdev": 0.0,
                "max": 0.0
            }
        },
        "cross_version_structured_query_p_o": {
            "w_out_cache_w_out_index": {
                "min": 393.9141215000054,
                "median": 406.84267528500277,
                "mean": 406.4862973815005,
                "stdev": 7.8472167445173415,
                "max": 420.52451900800224
            },
            "w_out_cache_w_index": {
                "min": 383.27327041499996,
                "median": 392.03814136949984,
                "mean": 390.75059305649995,
                "stdev": 4.443558493499773,
                "max": 396.5742514430001
            },
            "w_cache_w_out_index": {
                "min": 157.93364771900087,
                "median": 174.16570528850025,
                "mean": 229.04878696679916,
                "stdev": 180.76909932958583,
                "max": 742.9444819749988
            },
            "w_cache_w_index": {
                "min": 148.42033116699895,
                "median": 155.55315284150038,
                "mean": 211.3093755284999,
                "stdev": 177.75581171240927,
                "max": 716.9366180379984
            }
        },
        "single_version_structured_query_p_o": {
            "w_out_cache_w_out_index": {
                "min": 348.8963578760013,
                "median": 360.14425243799997,
                "mean": 360.24774427950103,
                "stdev": 7.241907439882582,
                "max": 375.9021792400017
            },
            "w_out_cache_w_index": {
                "min": 329.78982039400034,
                "median": 342.4849334155001,
                "mean": 341.1753976358999,
                "stdev": 6.470637784245501,
                "max": 350.948621902
            },
            "w_cache_w_out_index": {
                "min": 232.48097567500008,
                "median": 240.7335428569986,
                "mean": 282.1816979193994,
                "stdev": 132.18382321329918,
                "max": 658.0706895359981
            },
            "w_cache_w_index": {
                "min": 218.73079112899904,
                "median": 225.06123189950176,
                "mean": 268.50184355739987,
                "stdev": 135.47127909213057,
                "max": 653.851921761001
            }
        },
        "cross_delta_structured_query": {
            "w_out_cache_w_out_index": {
                "min": 0.7079061199983698,
                "median": 21.508034036996833,
                "mean": 22.4638010811351,
                "stdev": 11.888687839832906,
                "max": 45.3649125669981
            },
            "w_out_cache_w_index": {
                "min": 0.0,
                "median": 0.0,
                "mean": 0.0,
                "stdev": 0.0,
                "max": 0.0
            },
            "w_cache_w_out_index": {
                "min": 0.0,
                "median": 0.0,
                "mean": 0.0,
                "stdev": 0.0,
                "max": 0.0
            },
            "w_cache_w_index": {
                "min": 0.0,
                "median": 0.0,
                "mean": 0.0,
                "stdev": 0.0,
                "max": 0.0
            }
        },
        "single_delta_structured_query": {
            "w_out_cache_w_out_index": {
                "min": 0.6230454800024745,
                "median": 17.55301865000365,
                "mean": 17.867203489079838,
                "stdev": 9.251141466471555,
                "max": 39.430703721998725
            },
            "w_out_cache_w_index": {
                "min": 0.0,
                "median": 0.0,
                "mean": 0.0,
                "stdev": 0.0,
                "max": 0.0
            },
            "w_cache_w_out_index": {
                "min": 0.0,
                "median": 0.0,
                "mean": 0.0,
                "stdev": 0.0,
                "max": 0.0
            },
            "w_cache_w_index": {
                "min": 0.0,
                "median": 0.0,
                "mean": 0.0,
                "stdev": 0.0,
                "max": 0.0
            }
        },